HashTag,CreatedTime,LastModifiedTime,State
technology,2014-02-01 00:24:19,2014-02-01 00:24:19,Follow
businessintelligence,2014-02-01 00:24:19,2014-02-01 00:24:19,Follow
digitalmarketing,2014-02-01 00:24:19,2014-02-01 00:24:19,Follow
innovation,2014-02-01 00:24:19,2014-02-01 00:24:19,Follow
humanresources,2014-02-01 00:24:19,2014-02-01 00:24:19,Follow
branding,2014-02-01 00:24:19,2014-02-01 00:24:19,Follow
marketing,2014-02-01 00:24:19,2014-02-01 00:24:19,Follow
data,2014-02-01 00:24:19,2014-02-01 00:24:19,Follow
creativity,2014-02-01 00:24:19,2014-02-01 00:24:19,Follow
management,2014-02-01 00:24:19,2014-02-01 00:24:19,Follow
bigdata,2014-02-01 00:24:19,2014-02-01 00:24:19,Follow
analytics,2014-02-01 00:24:19,2014-02-01 00:24:19,Follow
future,2014-02-01 00:24:19,2014-02-01 00:24:19,Follow
datamining,2014-02-01 00:24:19,2014-02-01 00:24:19,Follow
futurism,2014-02-01 00:24:19,2014-02-01 00:24:19,Follow
advertisingandmarketing,2014-02-01 00:24:19,2014-02-01 00:24:19,Follow
startups,2014-02-01 00:24:15,2014-02-01 00:24:15,Follow
leanstartups,2014-02-01 00:24:15,2014-02-01 00:24:15,Follow
venturecapital,2014-02-01 00:24:15,2014-02-01 00:24:15,Follow
entrepreneurship,2014-02-01 00:24:15,2014-02-01 00:24:15,Follow
